{"cameraMode":{"drawMode":0,"name":"Shaded","section":"Shading Mode"},"sceneLighting":false,"audioPlay":false,"sceneViewState":{"showFog":true,"showMaterialUpdate":false,"showSkybox":true,"showFlares":true,"showImageEffects":true,"showParticleSystems":true},"in2DMode":false,"pivot":{"x":-1.2278999090194703,"y":0.5855686664581299,"z":-1.0799660682678223},"rotation":{"x":-0.23956824839115144,"y":0.5036942958831787,"z":-0.14774085581302644,"w":-0.816776692867279},"size":2.8578836917877199,"orthographic":false}