{"cameraMode":{"drawMode":0,"name":"Shaded","section":"Shading Mode"},"sceneLighting":false,"audioPlay":false,"sceneViewState":{"showFog":true,"showMaterialUpdate":false,"showSkybox":true,"showFlares":true,"showImageEffects":true,"showParticleSystems":true},"in2DMode":false,"pivot":{"x":-22.24774169921875,"y":17.1212215423584,"z":2.6225273609161379},"rotation":{"x":0.2344861626625061,"y":0.6786841154098511,"z":-0.2441532015800476,"w":0.6519016623497009},"size":1.657883882522583,"orthographic":false}