{"cameraMode":{"drawMode":0,"name":"Shaded","section":"Shading Mode"},"sceneLighting":false,"audioPlay":false,"sceneViewState":{"showFog":true,"showMaterialUpdate":false,"showSkybox":true,"showFlares":true,"showImageEffects":true,"showParticleSystems":true},"in2DMode":false,"pivot":{"x":9.41487979888916,"y":11.20486068725586,"z":-1.6454620361328126},"rotation":{"x":-0.3163440525531769,"y":0.5250921249389648,"z":-0.2188018560409546,"w":-0.7591915130615234},"size":0.9737922549247742,"orthographic":false}