{"cameraMode":{"drawMode":0,"name":"Shaded","section":"Shading Mode"},"sceneLighting":false,"audioPlay":false,"sceneViewState":{"showFog":true,"showMaterialUpdate":false,"showSkybox":true,"showFlares":true,"showImageEffects":true,"showParticleSystems":true},"in2DMode":false,"pivot":{"x":6.169212818145752,"y":8.255976676940918,"z":-11.58089542388916},"rotation":{"x":-0.24724963307380677,"y":0.24303947389125825,"z":-0.06421580165624619,"w":-0.9358041286468506},"size":2.8578836917877199,"orthographic":false}